{
  "horizon": 15,
  "params": {
    "num_leaves": 31,
    "learning_rate": 0.05
  },
  "mean_accuracy": 2.1827621555259946,
  "std_accuracy": 9.63593607784373,
  "scores": [
    11.329512591384413,
    -4.5004734085865366,
    -1.1333504616385792,
    15.348126437296804,
    -10.13000438082613
  ]
}