{
  "horizon": 15,
  "params": {
    "num_leaves": 63,
    "learning_rate": 0.01,
    "max_depth": -1,
    "min_data_in_leaf": 5
  },
  "mean_accuracy": 3.7427012265255826,
  "std_accuracy": 9.508846063034559,
  "scores": [
    11.329512591384413,
    -4.182959146932112,
    -3.2636813706789534,
    18.721274694331953,
    -3.890640635477391
  ]
}