{
  "horizon": 15,
  "results": {
    "1min": {
      "num_trades": 480,
      "total_return": 21.187166101612537,
      "win_rate": 0.5291666666666667,
      "avg_return": 0.04413992937835945,
      "sharpe": 14.162335486228793,
      "max_drawdown": -15.160482261955577,
      "rows": 496
    },
    "5min": {
      "num_trades": 84,
      "total_return": 17.507461057436846,
      "win_rate": 0.5357142857142857,
      "avg_return": 0.20842215544567674,
      "sharpe": 26.43306527667382,
      "max_drawdown": -8.612619713174446,
      "rows": 100
    },
    "15min": {
      "num_trades": 18,
      "total_return": -0.8724826395026095,
      "win_rate": 0.4444444444444444,
      "avg_return": -0.04847125775014497,
      "sharpe": -12.737071493092952,
      "max_drawdown": -2.511246478417256,
      "rows": 34
    }
  }
}