{
  "EURUSD": 1762943048.0861542,
  "GBPCHF": 1762959957.6226602,
  "EURAUD": 1762943041.8757544,
  "AUDNZD": 1762959976.0728714,
  "USDCAD": 1762959963.858502
}