{
  "best_return": {
    "threshold": 0.5400000000000003,
    "metrics": {
      "threshold": 0.5400000000000003,
      "total_return": 5.059434393618627,
      "sharpe": 18.31579635088122,
      "max_drawdown": -0.31924109111754984,
      "win_rate": 0.6573705179282868,
      "num_trades": 251.0,
      "avg_return": 0.02015710913792282
    }
  },
  "best_sharpe": {
    "threshold": 0.6600000000000004,
    "metrics": {
      "threshold": 0.6600000000000004,
      "total_return": 4.9755504036363565,
      "sharpe": 18.61165901569975,
      "max_drawdown": -0.298547451303925,
      "win_rate": 0.6774193548387096,
      "num_trades": 217.0,
      "avg_return": 0.022928803703393348
    }
  },
  "best_winrate": {
    "threshold": 0.7600000000000005,
    "metrics": {
      "threshold": 0.7600000000000005,
      "total_return": 4.46115358115991,
      "sharpe": 17.547358424308563,
      "max_drawdown": -0.34296479437496474,
      "win_rate": 0.6857142857142857,
      "num_trades": 175.0,
      "avg_return": 0.025492306178056635
    }
  },
  "best_composite": {
    "threshold": 0.6800000000000004,
    "metrics": {
      "threshold": 0.6800000000000004,
      "total_return": 4.925717039469652,
      "sharpe": 18.466104954581436,
      "max_drawdown": -0.2692539824117004,
      "win_rate": 0.6807511737089202,
      "num_trades": 213.0,
      "avg_return": 0.023125432110186157,
      "composite_score": 19.485453089322153
    }
  }
}