{
  "EURUSD": 1762943048.0861542,
  "GBPCHF": 1762943035.6502535,
  "EURAUD": 1762943041.8757544,
  "AUDNZD": 1762943156.504189,
  "USDCAD": 1762943168.7429702
}