{
  "accuracy": 0.8185483870967742,
  "precision": 0.8285714285714286,
  "recall": 0.8087649402390438,
  "f1": 0.8185483870967742,
  "confusion_matrix": [
    [
      203,
      42
    ],
    [
      48,
      203
    ]
  ]
}