{
  "timestamp": "2025-10-19T08:39:06.694579",
  "individual_models": {
    "lightgbm": {
      "cv_accuracy_mean": 0.5176767676767676,
      "cv_accuracy_std": 0.031741932045395264,
      "cv_scores": [
        0.5606060606060606,
        0.48484848484848486,
        0.5075757575757576
      ]
    },
    "xgboost": {
      "cv_accuracy_mean": 0.5353535353535354,
      "cv_accuracy_std": 0.017856231848145124,
      "cv_scores": [
        0.5606060606060606,
        0.5227272727272727,
        0.5227272727272727
      ]
    },
    "catboost": {
      "cv_accuracy_mean": 0.5050505050505051,
      "cv_accuracy_std": 0.06102548471512412,
      "cv_scores": [
        0.5909090909090909,
        0.45454545454545453,
        0.4696969696969697
      ]
    }
  },
  "ensemble_performance": {
    "lightgbm": {
      "accuracy": 0.6470588235294118,
      "f1": 0.6466600199401794,
      "composite": 0.646939182452642
    },
    "xgboost": {
      "accuracy": 0.5714285714285714,
      "f1": 0.5710616700129435,
      "composite": 0.571318501003883
    },
    "catboost": {
      "accuracy": 0.6218487394957983,
      "f1": 0.6221158520623761,
      "composite": 0.6219288732657716
    }
  },
  "ensemble_evaluation": {
    "accuracy": 0.54,
    "f1_score": 0.5323333333333333,
    "predictions": [
      0,
      0,
      0,
      0,
      0,
      0,
      0,
      1,
      0,
      0,
      1,
      0,
      0,
      0,
      0,
      0,
      1,
      1,
      1,
      0,
      1,
      0,
      0,
      0,
      0,
      0,
      0,
      0,
      0,
      0,
      0,
      0,
      0,
      0,
      0,
      0,
      1,
      0,
      0,
      1,
      0,
      1,
      1,
      0,
      0,
      0,
      0,
      0,
      0,
      1,
      0,
      1,
      1,
      0,
      0,
      0,
      0,
      1,
      0,
      1,
      0,
      0,
      0,
      0,
      0,
      1,
      0,
      0,
      0,
      0,
      1,
      1,
      1,
      0,
      1,
      0,
      1,
      1,
      1,
      0,
      0,
      1,
      1,
      1,
      0,
      1,
      0,
      1,
      0,
      0,
      1,
      0,
      1,
      1,
      1,
      1,
      0,
      1,
      1,
      1
    ],
    "probabilities": [
      0.08582058317080121,
      0.24239988534443413,
      0.20352104212155975,
      0.10709659222823052,
      0.3190375892398859,
      0.5518079719027699,
      0.215917313494453,
      0.5740927246028963,
      0.3308427332840424,
      0.3339119958754831,
      0.5398416248500056,
      0.04888584965307301,
      0.07889161486837393,
      0.38394843474708007,
      0.5436771846986149,
      0.1233407651906715,
      0.5148101678839465,
      0.6440396922355898,
      0.5134378769887872,
      0.15359524808766795,
      0.47643477519218935,
      0.2730002582284032,
      0.3656587412643212,
      0.18022562932624234,
      0.3187947968199128,
      0.12520563262138937,
      0.11547462942433424,
      0.12266828571542047,
      0.3055700331873381,
      0.138769367436725,
      0.2736217609547945,
      0.11558018263843808,
      0.06750479867612769,
      0.05198157599839173,
      0.027758234923044803,
      0.2104662857029626,
      0.4556119035467973,
      0.18619521637228775,
      0.10480830611126578,
      0.6038982039845836,
      0.5013686393622023,
      0.6571624473939377,
      0.6226844551202846,
      0.2064764708248297,
      0.07608419029970662,
      0.05870870207442691,
      0.05017099751860138,
      0.044646067467520374,
      0.06429036364433335,
      0.7305821222192878,
      0.0890691215007833,
      0.7999989192271335,
      0.7183564837995564,
      0.04487604395154803,
      0.04651317667360417,
      0.06432703876842795,
      0.3045180051050776,
      0.6986244368792014,
      0.08568917673250334,
      0.7500662923277598,
      0.4102361518082105,
      0.18774832865654828,
      0.17063088031106655,
      0.11629347967395177,
      0.47673245770425454,
      0.8845014696356064,
      0.08248725155111081,
      0.07566050794354351,
      0.4950884999611994,
      0.2640561419417319,
      0.6819049228289062,
      0.8937615397815304,
      0.7525783742788753,
      0.09202033436991124,
      0.5453662041237537,
      0.25469570713707673,
      0.7722952988310876,
      0.7413299256141523,
      0.7192845969612222,
      0.49101838198822534,
      0.4483905068948963,
      0.8663851293339973,
      0.7049400460029591,
      0.8938252772442565,
      0.18399516166610533,
      0.7320741737979704,
      0.3336279420999605,
      0.8824595890066246,
      0.3179484229682543,
      0.37262112872876496,
      0.5833085958633093,
      0.45696055118445733,
      0.736130916349027,
      0.8697526493747325,
      0.48111035720171824,
      0.8923313829130923,
      0.2720518021098734,
      0.792874566803947,
      0.7995602476889844,
      0.8449858619518801
    ]
  },
  "model_weights": {
    "lightgbm": 0.351561737090916,
    "xgboost": 0.31046770715546584,
    "catboost": 0.3379705557536182
  }
}