{
  "horizon": 15,
  "transaction_cost": 0.0,
  "slippage": 0.0,
  "train_metrics": {
    "accuracy": 0.41
  },
  "backtest": {
    "total_return": 0.27024081770964914,
    "avg_return_per_tick": 0.0004851393486733767,
    "win_rate": 0.3090909090909091,
    "sharpe_annualized": 154.91123450241486
  }
}