{
  "horizon": 15,
  "transaction_cost": 0.0001,
  "slippage": 0.0002,
  "train_metrics": {
    "accuracy": 0.41
  },
  "backtest": {
    "total_return": 0.268489511698045,
    "avg_return_per_tick": 0.00048235146988549787,
    "win_rate": 0.3090909090909091,
    "sharpe_annualized": 153.99202890015528
  }
}