{
  "horizon": 1,
  "transaction_cost": 0.0,
  "slippage": 0.0002,
  "train_metrics": {
    "accuracy": 0.51
  },
  "backtest": {
    "total_return": 0.6159233253960827,
    "avg_return_per_tick": 0.000971527926928574,
    "win_rate": 0.4101010101010101,
    "sharpe_annualized": 332.14377033180995
  }
}