{
  "horizon": 1,
  "transaction_cost": 0.0,
  "slippage": 0.0,
  "train_metrics": {
    "accuracy": 0.51
  },
  "backtest": {
    "total_return": 0.6190554816076812,
    "avg_return_per_tick": 0.0009754471188477658,
    "win_rate": 0.4101010101010101,
    "sharpe_annualized": 333.1164145690401
  }
}