{
  "generated_at": "2025-11-07T19:25:32.399118",
  "n_rows": 6600,
  "n_columns": 24,
  "columns": {
    "returns": {
      "dtype": "float64",
      "n_null": 0,
      "n_inf": 0,
      "n_unique": 6574,
      "min": -20454.749098767836,
      "max": 6934.043100345041,
      "var": 73490.57262888005
    },
    "volatility": {
      "dtype": "float64",
      "n_null": 0,
      "n_inf": 0,
      "n_unique": 6581,
      "min": 0.0,
      "max": 4573.916804795807,
      "var": 71870.60337822956
    },
    "log_returns": {
      "dtype": "float64",
      "n_null": 0,
      "n_inf": 0,
      "n_unique": 4156,
      "min": -7.790307770307284,
      "max": 8.844342547631571,
      "var": 2.35307198750083
    },
    "sma_5": {
      "dtype": "float64",
      "n_null": 0,
      "n_inf": 0,
      "n_unique": 6593,
      "min": -1.0238640759303164,
      "max": 3.2212281352701573,
      "var": 0.2719692042497037
    },
    "sma_20": {
      "dtype": "float64",
      "n_null": 0,
      "n_inf": 0,
      "n_unique": 6581,
      "min": -0.511393693550895,
      "max": 1.2714165433837183,
      "var": 0.07235552151288072
    },
    "sma_50": {
      "dtype": "float64",
      "n_null": 0,
      "n_inf": 0,
      "n_unique": 6547,
      "min": -0.2955826811378699,
      "max": 0.782498623879921,
      "var": 0.029149161068660473
    },
    "trend_short": {
      "dtype": "float64",
      "n_null": 0,
      "n_inf": 0,
      "n_unique": 6582,
      "min": -11605.979564039724,
      "max": 3244.597264481948,
      "var": 25092.562088949235
    },
    "trend_long": {
      "dtype": "float64",
      "n_null": 0,
      "n_inf": 0,
      "n_unique": 6552,
      "min": -8709.322464072948,
      "max": 2610.7987330179844,
      "var": 13741.258124583203
    },
    "rsi": {
      "dtype": "float64",
      "n_null": 0,
      "n_inf": 0,
      "n_unique": 1506,
      "min": -9.217947839289373,
      "max": 7.25766048729843,
      "var": 1.2533929407309967
    },
    "rsi_normalized": {
      "dtype": "float64",
      "n_null": 0,
      "n_inf": 0,
      "n_unique": 1506,
      "min": -1.1843589567857875,
      "max": -0.8548467902540314,
      "var": 0.0005013571762923987
    },
    "bb_position": {
      "dtype": "float64",
      "n_null": 0,
      "n_inf": 0,
      "n_unique": 6582,
      "min": -2.017396150478722,
      "max": 2.1055620803233626,
      "var": 0.23673520889337904
    },
    "bb_squeeze": {
      "dtype": "float64",
      "n_null": 0,
      "n_inf": 0,
      "n_unique": 6581,
      "min": -67587.79821228249,
      "max": 20174.612103389398,
      "var": 766308.2248705884
    },
    "volume_sma": {
      "dtype": "float64",
      "n_null": 0,
      "n_inf": 0,
      "n_unique": 6580,
      "min": -0.6330183455204484,
      "max": 1.0511041341928264,
      "var": 0.050611208662131084
    },
    "volume_ratio": {
      "dtype": "float64",
      "n_null": 0,
      "n_inf": 0,
      "n_unique": 6582,
      "min": -3532.8136901651033,
      "max": 4133.283270027896,
      "var": 9140.670491712828
    },
    "true_range": {
      "dtype": "float64",
      "n_null": 0,
      "n_inf": 0,
      "n_unique": 6545,
      "min": 0.0,
      "max": 10.539894053108865,
      "var": 1.968588304217681
    },
    "atr": {
      "dtype": "float64",
      "n_null": 0,
      "n_inf": 0,
      "n_unique": 6587,
      "min": 0.0,
      "max": 3.5765028180194562,
      "var": 0.2756566228713162
    },
    "atr_normalized": {
      "dtype": "float64",
      "n_null": 0,
      "n_inf": 0,
      "n_unique": 6587,
      "min": -501.5060681504771,
      "max": 11311.56969267771,
      "var": 34603.70035605096
    },
    "returns_skew": {
      "dtype": "float64",
      "n_null": 0,
      "n_inf": 0,
      "n_unique": 6581,
      "min": -4.472133424330772,
      "max": 4.472105346205979,
      "var": 7.499646227276732
    },
    "returns_kurtosis": {
      "dtype": "float64",
      "n_null": 0,
      "n_inf": 0,
      "n_unique": 6581,
      "min": -0.7127109642203647,
      "max": 19.999984155979327,
      "var": 37.82385460795216
    },
    "drawdown": {
      "dtype": "float64",
      "n_null": 0,
      "n_inf": 0,
      "n_unique": 2585,
      "min": -1.384851560554775,
      "max": 9.669541423989966,
      "var": 0.04596549285294361
    },
    "max_drawdown": {
      "dtype": "float64",
      "n_null": 0,
      "n_inf": 0,
      "n_unique": 147,
      "min": -1.384851560554775,
      "max": 0.0,
      "var": 0.010212201293318212
    },
    "autocorr_1": {
      "dtype": "float64",
      "n_null": 0,
      "n_inf": 0,
      "n_unique": 6581,
      "min": -0.6893480703785024,
      "max": 0.7381005234025325,
      "var": 0.011201674162903644
    },
    "regime_momentum": {
      "dtype": "float64",
      "n_null": 0,
      "n_inf": 0,
      "n_unique": 6537,
      "min": -4642.993423846986,
      "max": 1297.2419480630665,
      "var": 5253.835117383791
    },
    "ema_ratio": {
      "dtype": "float64",
      "n_null": 0,
      "n_inf": 0,
      "n_unique": 1507,
      "min": -1167.4170301214608,
      "max": 21638.238606170795,
      "var": 217098.81636980604
    }
  },
  "hmm_score": -48389.406938865635,
  "hmm_used": true,
  "summary_csv": "artifacts\\diagnostics\\regime_features_summary.csv"
}