{
  "columns": {
    "hist_close": {
      "n_numeric": 6600,
      "positive_rate": 0.2453030303030303,
      "median": -0.1634650112154738,
      "min": -1.5258990042766671,
      "max": 9.648875716924255
    },
    "hist_volume": {
      "n_numeric": 6600,
      "positive_rate": 0.38136363636363635,
      "median": -0.2537450852600253,
      "min": -1.3446995529224444,
      "max": 5.974181941004131
    },
    "close": {
      "n_numeric": 6600,
      "positive_rate": 0.2453030303030303,
      "median": -0.1634650112154738,
      "min": -1.5258990042766671,
      "max": 9.648875716924255
    },
    "volume": {
      "n_numeric": 6600,
      "positive_rate": 0.38136363636363635,
      "median": -0.2537450852600253,
      "min": -1.3446995529224444,
      "max": 5.974181941004131
    },
    "sma_1T": {
      "n_numeric": 6600,
      "positive_rate": 0.2453030303030303,
      "median": -0.1634650112154738,
      "min": -1.5258990042766671,
      "max": 9.648875716924255
    },
    "ema_15T": {
      "n_numeric": 6600,
      "positive_rate": 0.41924242424242425,
      "median": -0.2844135524481179,
      "min": -1.20694484593495,
      "max": 4.347064050322751
    },
    "rsi_60T": {
      "n_numeric": 6585,
      "positive_rate": 0.6267274107820805,
      "median": 0.1460980158216872,
      "min": -9.217947839289373,
      "max": 7.25766048729843
    },
    "label": {
      "n_numeric": 6600,
      "positive_rate": 0.17303030303030303,
      "median": 0.0,
      "min": 0.0,
      "max": 1.0
    }
  },
  "chosen_price": "close",
  "ok": false,
  "returns_summary": {
    "count": 6591,
    "abs_gt_max": 1295,
    "max_abs": 6934.043100345041,
    "pct_99": 172.85771934565003,
    "pct_1": -0.9946572749734216
  },
  "timestamp": "2025-11-07T19:48:40.908553"
}