{
  "total_return": 11.924223369804393,
  "avg_return_per_tick": 0.0004497298349668605,
  "win_rate": 0.06985906955599333,
  "sharpe_annualized": 24.184749580268814
}