{
  "total_return": 0.26674082514053477,
  "avg_return_per_tick": 0.0004795635910976191,
  "win_rate": 0.3090909090909091,
  "sharpe_annualized": 153.0872335845791,
  "max_drawdown": -0.0215598191670463
}