{
  "timestamp": "2025-10-19T09:52:58.672962",
  "n_regimes": 3,
  "regime_names": [
    "Bear",
    "Sideways",
    "Bull"
  ],
  "current_regime": 0,
  "regime_characteristics": {
    "0": {
      "name": "Bear",
      "avg_return": -0.00680671126302547,
      "volatility": 0.04108149773703936,
      "trend_strength": -0.030655058472938115,
      "rsi_avg": 0.0024192624918876007,
      "count": 271,
      "percentage": 54.63709677419355,
      "sharpe_approx": -0.16568800160585412
    },
    "1": {
      "name": "Sideways",
      "avg_return": -0.0012345007478964574,
      "volatility": 0.04858253496744024,
      "trend_strength": 0.07375118802220168,
      "rsi_avg": -0.003875357406958601,
      "count": 173,
      "percentage": 34.87903225806452,
      "sharpe_approx": -0.025410381502813988
    },
    "2": {
      "name": "Bull",
      "avg_return": 0.06353996469288362,
      "volatility": 0.10004225509882184,
      "trend_strength": 0.00027005477215931065,
      "rsi_avg": -0.00484310590715375,
      "count": 52,
      "percentage": 10.483870967741936,
      "sharpe_approx": 0.6351312715823806
    }
  },
  "transition_matrix": [
    [
      0.9518518518518518,
      0.025925925925925925,
      0.022222222222222223
    ],
    [
      0.057692307692307696,
      0.7884615384615384,
      0.15384615384615385
    ],
    [
      0.057803468208092484,
      0.023121387283236993,
      0.9190751445086706
    ]
  ]
}