{
  "timestamp": "2025-11-07T20:48:59.258533",
  "n_regimes": 3,
  "regime_names": [
    "Bear",
    "Sideways",
    "Bull"
  ],
  "current_regime": 0,
  "regime_characteristics": {
    "0": {
      "name": "Bear",
      "avg_return": -0.18424791228432044,
      "volatility": 7.259294155253944,
      "trend_strength": -0.3167472972395284,
      "rsi_avg": -0.9999320397682219,
      "count": 4000,
      "percentage": 60.60606060606061,
      "sharpe_approx": -0.0253809679486497
    },
    "1": {
      "name": "Sideways",
      "avg_return": -0.18020766027908536,
      "volatility": 20.033530448164427,
      "trend_strength": -0.22645257469616933,
      "rsi_avg": -0.9993823138602215,
      "count": 1373,
      "percentage": 20.803030303030305,
      "sharpe_approx": -0.008995302188266916
    },
    "2": {
      "name": "Bull",
      "avg_return": -0.1701035252349139,
      "volatility": 72.08260754708151,
      "trend_strength": -0.10536584788629949,
      "rsi_avg": -0.9996562003255715,
      "count": 1227,
      "percentage": 18.59090909090909,
      "sharpe_approx": -0.0023598414516817945
    }
  },
  "transition_matrix": [
    [
      0.895929697848346,
      0.04148310464000932,
      0.06258719751164475
    ],
    [
      0.12730183216711707,
      0.8172084977202979,
      0.0554896701125851
    ],
    [
      0.18456981927886143,
      0.04551482228437925,
      0.7699153584367594
    ]
  ]
}