{
  "agent_type": "DQN",
  "training_history": {
    "episode_rewards": [
      -1435.080144766746,
      -385.0643942712089,
      -914.5404700858064,
      -1892.8143564759625,
      -289.1623088683258,
      -220.31611790733186,
      -162.60805577493386,
      -37.984161071661845,
      -97.10974483142273,
      -117.1650809012734,
      -162.60805577493386,
      -364.77300752253956,
      1514.9676470590164,
      1670.716175016091,
      3391.9509109955575,
      339.17546339311525,
      3085.6418350322765,
      711.4064306474274,
      453.59436591984047,
      -256.7965046379169,
      839.5656687022365,
      2217.242424148567,
      3892.745371361339,
      2243.007349362115,
      868.2353033942842,
      1433.339406019334,
      782.9359911012133,
      2855.092962861468,
      2255.7879469713753,
      619.8179170592085,
      -104.20399496459477,
      3479.7515909465305,
      2377.7446286074833,
      -174.66144342866266,
      3324.4964849018234,
      3733.807074531493,
      -181.91618122795776,
      -100.79516336120385,
      242.79717167833792,
      932.7029044433478,
      -281.90810424403037,
      1085.7125512363173,
      800.1854204640052,
      -282.2862850376114,
      -328.61315647766963,
      710.2290249600732,
      770.6997008639574,
      877.0826399780562,
      -724.728612333829,
      444.1005734648756
    ],
    "episode_returns": [
      -0.4887206259804808,
      -0.6765337680793837,
      -0.5430808020736488,
      -0.505962010919038,
      -0.5034192079675976,
      -0.6918575980399566,
      -0.6198355366192296,
      -0.510597375176622,
      -0.6399217710334337,
      -0.5703641233188744,
      -0.6198355366192296,
      -0.5085382823188352,
      0.7631494704768345,
      1.4257673117982694,
      0.8091072572843914,
      0.5572135907683589,
      -0.5074767784940586,
      1.2709161945026355,
      0.8854855790554164,
      -0.39136008546064427,
      0.8046067930935314,
      0.08159146964592146,
      0.4354097520386939,
      0.7773935283431925,
      2.672344843061341,
      -0.2041286238874227,
      0.17784679457795316,
      0.7956954669072369,
      -0.517374303153241,
      0.44579653636244676,
      -0.14014261234327896,
      0.6579323619403732,
      0.18698146287346873,
      -0.430179513600759,
      0.0631582639597017,
      3.623809098530291,
      -0.6137633998487665,
      -0.5638711868252616,
      -0.3030686396027126,
      0.9185905987678609,
      0.6970566101853264,
      -0.4764525100438226,
      -0.6030048071831329,
      -0.25740049383057195,
      -0.6080370355490017,
      1.7748313109501002,
      0.9026405108142237,
      0.8548338519205656,
      -0.5650018988309987,
      -1.3241687389285364
    ],
    "final_performance": {
      "total_return": -1.3241687389285364,
      "final_balance": -3241.6873892853637,
      "total_trades": 10,
      "winning_trades": 8,
      "win_rate": 0.8,
      "sharpe_ratio": 4.865296068565972
    }
  },
  "timestamp": "2025-10-19T09:47:24.683090"
}